Model,Config,hidden1,hidden2,learning_rate,batch_size,epochs,n_estimators,max_depth,Val RMSLE
GradientBoosting,flat-600,,,0.05,,,600.0,3.0,0.13684
GradientBoosting,slow-400,,,0.05,,,400.0,4.0,0.14018
GradientBoosting,baseline,,,0.1,,,200.0,5.0,0.14126
GradientBoosting,deep-150,,,0.1,,,150.0,7.0,0.15029
PyTorch_MLP,wide,64.0,32.0,0.01,10.0,20.0,,,0.12828
PyTorch_MLP,slow-long,50.0,25.0,0.005,10.0,40.0,,,0.13695
PyTorch_MLP,baseline,50.0,25.0,0.01,10.0,20.0,,,0.13969
PyTorch_MLP,compact,32.0,16.0,0.01,10.0,20.0,,,0.15601
XGBoost,flat-500,,,0.05,,,500.0,3.0,0.13537
XGBoost,mid-400,,,0.05,,,400.0,4.0,0.13901
XGBoost,baseline,,,0.1,,,200.0,5.0,0.14834
XGBoost,deep-300,,,0.05,,,300.0,7.0,0.15368
